[
  {
    "id": "ad017078-6b17-4375-a8d3-35975da37ad1",
    "name": "🌎 หินสามประเภท",
    "description": "ชุดแฟลชการ์ดสำหรับเรียนรู้เกี่ยวกับประเภทและคุณสมบัติของหินสามประเภท ได้แก่ หินอัคนี หินแปร และหินตะกอน",
    "studied": false,
    "total": 25,
    "learned": 0,
    "due": 25,
    "cards": [
        {
            "id": "242090ec-150b-4d41-bc45-900daf84d994",
            "question": "หินเกิดจากอะไร",
            "answer": "การรวมตัวและแข็งตัวของแร่ต่างๆ",
            "keyword": "",
            "needs_image": false,
            "image": null,
            "taxonomy": "Understanding",
            "point": 0,
            "repetitions": 0,
            "interval": 0,
            "ef": 2.5,
            "due": "2025-05-09"
        },
        {
            "id": "8fea4eb3-2db1-4383-9850-967924bec752",
            "question": "หินแบ่งออกเป็นกี่ประเภท",
            "answer": "3 ประเภท",
            "keyword": "",
            "needs_image": false,
            "image": null,
            "taxonomy": "Remembering",
            "point": 0,
            "repetitions": 0,
            "interval": 0,
            "ef": 2.5,
            "due": "2025-05-09"
        },
        {
            "id": "e82ff6e3-3316-4eab-8b04-e285d9f22368",
            "question": "หิน 3 ประเภทคืออะไรบ้าง",
            "answer": "หินอัคนี, หินแปร, หินตะกอน",
            "keyword": "",
            "needs_image": false,
            "image": null,
            "taxonomy": "Remembering",
            "point": 0,
            "repetitions": 0,
            "interval": 0,
            "ef": 2.5,
            "due": "2025-05-09"
        },
        {
            "id": "59ec24a8-f624-42c9-951e-f4e73e6cbe99",
            "question": "หินอัคนีเกิดจากอะไร",
            "answer": "การเย็นตัวลงและแข็งตัวของหินหลอมเหลว",
            "keyword": "magma",
            "needs_image": false,
            "image": "https://cdn.britannica.com/74/22274-138-4D5FA381/lava-rock-Molten-magma-Earth-surface-volcano.jpg?w=400&h=225&c=crop",
            "taxonomy": "Understanding",
            "point": 0,
            "repetitions": 0,
            "interval": 0,
            "ef": 2.5,
            "due": "2025-05-09"
        },
        {
            "id": "1aa1b35a-db06-4f3b-916f-47287018195d",
            "question": "หินอัคนีพุเกิดจากอะไร",
            "answer": "ลาวาแข็งตัว",
            "keyword": "lava",
            "needs_image": true,
            "image": "https://cdn.britannica.com/12/155312-050-A2EF0E56/Volcano-island-Reunion-Indian-Ocean.jpg?w=400&h=225&c=crop",
            "taxonomy": "Understanding",
            "point": 0,
            "repetitions": 0,
            "interval": 0,
            "ef": 2.5,
            "due": "2025-05-09"
        },
        {
            "id": "7027f7a3-54aa-41d3-bae0-edbf2f45eb03",
            "question": "หินอัคนีแทรกซ้อนเกิดจากอะไร",
            "answer": "แมกม่าแข็งตัว",
            "keyword": "magma",
            "needs_image": true,
            "image": "https://cdn.britannica.com/74/22274-138-4D5FA381/lava-rock-Molten-magma-Earth-surface-volcano.jpg?w=400&h=225&c=crop",
            "taxonomy": "Understanding",
            "point": 0,
            "repetitions": 0,
            "interval": 0,
            "ef": 2.5,
            "due": "2025-05-09"
        },
        {
            "id": "7cdcba7b-2c3c-4a94-8aa7-4283567658bc",
            "question": "ตัวอย่างหินอัคนีพุ",
            "answer": "หินบะซอลต์, หินไรโอไลต์, หินแอนดีไซต์",
            "keyword": "basalt",
            "needs_image": true,
            "image": "https://geology.ecu.edu/geol1501/wp-content/pv-uploads/sites/351/2020/06/porphyritic-basalt.gif",
            "taxonomy": "Remembering",
            "point": 0,
            "repetitions": 0,
            "interval": 0,
            "ef": 2.5,
            "due": "2025-05-09"
        },
        {
            "id": "44c39b44-583b-4518-b856-a8db69fdb12e",
            "question": "ตัวอย่างหินอัคนีแทรกซ้อน",
            "answer": "หินแกรนิต, หินไดออไรต์, หินแกบโบร",
            "keyword": "granite",
            "needs_image": true,
            "image": "https://www.geologysuperstore.com/wp-content/uploads/2023/03/Pink_Granite_2-removebg-preview.png",
            "taxonomy": "Remembering",
            "point": 0,
            "repetitions": 0,
            "interval": 0,
            "ef": 2.5,
            "due": "2025-05-09"
        },
        {
            "id": "2279e940-cfff-4285-bec6-af2922c0719b",
            "question": "หินอัคนีแบ่งออกเป็นกี่ชนิด",
            "answer": "2 ชนิด",
            "keyword": "",
            "needs_image": false,
            "image": null,
            "taxonomy": "Remembering",
            "point": 0,
            "repetitions": 0,
            "interval": 0,
            "ef": 2.5,
            "due": "2025-05-09"
        },
        {
            "id": "d2ff60c7-ee5f-45fa-92c1-eb974f0269be",
            "question": "หินตะกอนเกิดจากอะไร",
            "answer": "การทับถมของตะกอน เศษหิน แร่ ดิน กรวด หรือทราย",
            "keyword": "sediment",
            "needs_image": true,
            "image": "https://stormwater.pca.state.mn.us/images/thumb/a/a3/Small_Sediment_Trap.jpg/300px-Small_Sediment_Trap.jpg",
            "taxonomy": "Understanding",
            "point": 0,
            "repetitions": 0,
            "interval": 0,
            "ef": 2.5,
            "due": "2025-05-09"
        },
        {
            "id": "c66e0fbf-869c-48a9-960b-f413804a4cd8",
            "question": "ตะกอนต่างๆ ถูกพัดพาโดยอะไร",
            "answer": "ธารน้ำ, ลม, คลื่นทะเล",
            "keyword": "",
            "needs_image": false,
            "image": null,
            "taxonomy": "Remembering",
            "point": 0,
            "repetitions": 0,
            "interval": 0,
            "ef": 2.5,
            "due": "2025-05-09"
        },
        {
            "id": "6c9f5c16-650f-4886-a722-31b8443c98e5",
            "question": "หินตะกอนแบ่งออกเป็นกี่ชนิด",
            "answer": "2 ชนิด",
            "keyword": "",
            "needs_image": false,
            "image": null,
            "taxonomy": "Remembering",
            "point": 0,
            "repetitions": 0,
            "interval": 0,
            "ef": 2.5,
            "due": "2025-05-09"
        },
        {
            "id": "d7e55d13-1530-47ee-8b8e-349641b85261",
            "question": "หินเนื้อประสานมีลักษณะอย่างไร",
            "answer": "เนื้อละเอียดมาก จําแนกองค์ประกอบไม่ได้",
            "keyword": "",
            "needs_image": false,
            "image": null,
            "taxonomy": "Understanding",
            "point": 0,
            "repetitions": 0,
            "interval": 0,
            "ef": 2.5,
            "due": "2025-05-09"
        },
        {
            "id": "97073b1a-f18c-487f-985e-ee9715aa5cdb",
            "question": "หินเนื้อประสมมีลักษณะอย่างไร",
            "answer": "เนื้อละเอียดไม่มาก จําแนกองค์ประกอบได้",
            "keyword": "",
            "needs_image": false,
            "image": null,
            "taxonomy": "Understanding",
            "point": 0,
            "repetitions": 0,
            "interval": 0,
            "ef": 2.5,
            "due": "2025-05-09"
        },
        {
            "id": "4ca08c23-8cf9-4e18-bf19-c05a9b0f68d8",
            "question": "ตัวอย่างหินตะกอนเนื้อประสาน",
            "answer": "หินปูน, ถ่านหิน",
            "keyword": "limestone",
            "needs_image": true,
            "image": "https://dnr.mo.gov/sites/dnr/files/styles/medium/public/media/image/2020/10/mgs-calcitic-limestone.jpg?itok=nl2sWxW9",
            "taxonomy": "Remembering",
            "point": 0,
            "repetitions": 0,
            "interval": 0,
            "ef": 2.5,
            "due": "2025-05-09"
        },
        {
            "id": "e0f49106-e26e-47b8-8665-3454fe192bf0",
            "question": "ตัวอย่างหินตะกอนเนื้อประสม",
            "answer": "หินดินดาน, หินกรวดมน",
            "keyword": "conglomerate",
            "needs_image": true,
            "image": "https://upload.wikimedia.org/wikipedia/commons/thumb/f/fa/Ferruginous_quartz-pebble_conglomerate_%28derived_from_boulder_in_%22Sharon_Conglomerate%22%2C_Lower_Pennsylvanian%3B_Jackson_North_roadcut%2C_Ohio%2C_USA%29_30.jpg/330px-Ferruginous_quartz-pebble_conglomerate_%28derived_from_boulder_in_%22Sharon_Conglomerate%22%2C_Lower_Pennsylvanian%3B_Jackson_North_roadcut%2C_Ohio%2C_USA%29_30.jpg",
            "taxonomy": "Remembering",
            "point": 0,
            "repetitions": 0,
            "interval": 0,
            "ef": 2.5,
            "due": "2025-05-09"
        },
        {
            "id": "28b8eaee-7054-4997-824f-2d4e11227b5b",
            "question": "หินแปรเกิดจากอะไร",
            "answer": "การแปรสภาพจากความร้อน ความดัน และปฏิกิริยาเคมี",
            "keyword": "metamorphism",
            "needs_image": true,
            "image": "https://www.geolsoc.org.uk/ks3/webdav/site/GSL/shared/images/education_and_careers/RockCycle/Processes/Deformation/Deformation.jpg",
            "taxonomy": "Understanding",
            "point": 0,
            "repetitions": 0,
            "interval": 0,
            "ef": 2.5,
            "due": "2025-05-09"
        },
        {
            "id": "6fb13329-cae0-4a2c-8148-5ea4f35c5465",
            "question": "หินแปรแบ่งออกเป็นกี่ชนิด",
            "answer": "2 ชนิด",
            "keyword": "",
            "needs_image": false,
            "image": null,
            "taxonomy": "Remembering",
            "point": 0,
            "repetitions": 0,
            "interval": 0,
            "ef": 2.5,
            "due": "2025-05-09"
        },
        {
            "id": "fe96418d-10fb-4606-b20b-87b37dbf68e8",
            "question": "การแปรสภาพบริเวณไพศาลเกิดจากอะไร",
            "answer": "ความร้อนและความดันสูงมาก",
            "keyword": "",
            "needs_image": false,
            "image": null,
            "taxonomy": "Understanding",
            "point": 0,
            "repetitions": 0,
            "interval": 0,
            "ef": 2.5,
            "due": "2025-05-09"
        },
        {
            "id": "1e143d3d-0024-4e49-ba86-d892025f2e35",
            "question": "การแปรสภาพสัมผัสเกิดจากอะไร",
            "answer": "ความร้อนและปฏิกิริยาเคมีที่ไม่มาก",
            "keyword": "",
            "needs_image": false,
            "image": null,
            "taxonomy": "Understanding",
            "point": 0,
            "repetitions": 0,
            "interval": 0,
            "ef": 2.5,
            "due": "2025-05-09"
        },
        {
            "id": "a040e8b0-cdc0-44ba-910f-d5d80598c4f0",
            "question": "ตัวอย่างหินแปรจากการแปรสภาพบริเวณไพศาล",
            "answer": "หินไนส์, หินชนวน",
            "keyword": "gneiss",
            "needs_image": true,
            "image": "https://www.geologysuperstore.com/wp-content/uploads/2023/03/Hornblende_Gneiss-removebg-preview.png",
            "taxonomy": "Remembering",
            "point": 0,
            "repetitions": 0,
            "interval": 0,
            "ef": 2.5,
            "due": "2025-05-09"
        },
        {
            "id": "a4f08167-5466-4cff-8ab3-05fdedabc795",
            "question": "ตัวอย่างหินแปรจากการแปรสภาพสัมผัส",
            "answer": "หินอ่อน",
            "keyword": "marble",
            "needs_image": true,
            "image": "https://marble.com/uploads/materials/1175/300X300/thumbnail/Carrara-Silver-Honed_BZ2Hi3iiXMb9u0Ki4WQb.jpg",
            "taxonomy": "Remembering",
            "point": 0,
            "repetitions": 0,
            "interval": 0,
            "ef": 2.5,
            "due": "2025-05-09"
        },
        {
            "id": "0acdf5e8-15b4-4a3e-9d42-99916c068f4b",
            "question": "ถ้าเราพบหินที่มีลักษณะเนื้อละเอียดมากและไม่สามารถจําแนกองค์ประกอบได้ หินนั้นน่าจะเป็นหินประเภทใด",
            "answer": "หินตะกอนเนื้อประสาน",
            "keyword": "",
            "needs_image": false,
            "image": null,
            "taxonomy": "Applying",
            "point": 0,
            "repetitions": 0,
            "interval": 0,
            "ef": 2.5,
            "due": "2025-05-09"
        },
        {
            "id": "c7f56102-6b13-430b-a7f9-ec352ef6f815",
            "question": "ถ้าเราพบหินที่เกิดจากการเย็นตัวของลาวา หินนั้นน่าจะเป็นหินประเภทใด",
            "answer": "หินอัคนีพุ",
            "keyword": "",
            "needs_image": false,
            "image": null,
            "taxonomy": "Applying",
            "point": 0,
            "repetitions": 0,
            "interval": 0,
            "ef": 2.5,
            "due": "2025-05-09"
        },
        {
            "id": "80212ed3-d08c-482f-9aa8-d7d1f15043ea",
            "question": "ถ้าเราพบหินที่เกิดจากการแปรสภาพของหินเดิมโดยมีความร้อนและความดันสูงมาก หินนั้นน่าจะเป็นหินประเภทใด",
            "answer": "หินแปรจากการแปรสภาพบริเวณไพศาล",
            "keyword": "",
            "needs_image": false,
            "image": null,
            "taxonomy": "Applying",
            "point": 0,
            "repetitions": 0,
            "interval": 0,
            "ef": 2.5,
            "due": "2025-05-09"
        }
    ],
    "summaryHtml": "<h1 class=\"main-title\">บทสรุปเรื่องหิน</h1>\n<p>หินเกิดขึ้นจากการรวมตัวและแข็งตัวของแร่ธาตุต่างๆ โดยมี 3 ประเภทหลัก ได้แก่ <strong class=\"important-term\">หินอัคนี</strong>, <strong class=\"important-term\">หินตะกอน</strong>, และ <strong class=\"important-term\">หินแปร</strong></p>\n<h2 class=\"section-heading\">หินอัคนี</h2>\n<p>เกิดจากการเย็นตัวลงและแข็งตัวของหินหลอมเหลวที่พุ่งออกมาจากเปลือกโลก แบ่งออกเป็น 2 ชนิดหลัก:</p>\n<ul class=\"key-points\">\n  <li class=\"list-item\"><strong>หินอัคนีพุ</strong>: เกิดจากลาวาแข็งตัว เช่น <em>หินบะซอลต์</em>, <em>หินไรโอไลต์</em>, <em>หินแอนดีไซต์</em></li>\n  <li class=\"list-item\"><strong>หินอัคนีแทรกซ้อน</strong>: เกิดจากแมกม่าแข็งตัว เช่น <em>หินแกรนิต</em>, <em>หินไดออไรต์</em>, <em>หินแกบโบร</em></li>\n</ul>\n<h2 class=\"section-heading\">หินตะกอน</h2>\n<p>เกิดจากการทับถมของตะกอน เศษหิน แร่ ดิน กรวด หรือทรายเป็นเวลานาน แบ่งออกเป็น 2 ชนิด:</p>\n<ul class=\"key-points\">\n  <li class=\"list-item\"><strong>หินเนื้อประสาน</strong>: เนื้อละเอียดมาก จําแนกองค์ประกอบไม่ได้ เช่น <em>หินปูน</em>, <em>ถ่านหิน</em></li>\n  <li class=\"list-item\"><strong>หินเนื้อประสม</strong>: เนื้อละเอียดไม่มาก จําแนกองค์ประกอบได้ เช่น <em>หินดินดาน</em>, <em>หินกรวดมน</em></li>\n</ul>\n<h2 class=\"section-heading\">หินแปร</h2>\n<p>เกิดจากการแปรสภาพเนื่องจากความร้อน ความดัน และปฏิกิริยาเคมี แบ่งออกเป็น 2 ชนิด:</p>\n<ul class=\"key-points\">\n  <li class=\"list-item\"><strong>การแปรสภาพบริเวณไพศาล</strong>: เกิดจากความร้อนและความดันสูงมาก ทําให้เกิดแร่และผลึกใหม่ เช่น <em>หินไนส์</em>, <em>หินชนวน</em></li>\n  <li class=\"list-item\"><strong>การแปรสภาพสัมผัส</strong>: เกิดจากความร้อนและปฏิกิริยาไม่มาก เกิดแร่ใหม่แค่บางส่วน เช่น <em>หินอ่อน</em></li>\n</ul>\n<p class=\"emphasis-note\"><em>การเข้าใจประเภทและกระบวนการเกิดหินต่างๆ ช่วยให้เราเข้าใจธรณีวิทยาและประวัติของโลกได้ดีขึ้น</em></p>"
},
{
  "id": "7e2619ee-a40e-479b-a5a0-21cc47bb2ee7",
  "name": "📚 สรุปประวัติศาสตร์",
  "description": "สรุปเนื้อหาสอบปลายภาควิชาประวัติศาสตร์",
  "studied": false,
  "total": 20,
  "learned": 0,
  "due": 20,
  "cards": [
      {
          "id": "c5f70001-7427-48bf-a38d-6b316fc4fed3",
          "question": "ยุคกลางมีลักษณะการปกครองแบบใด",
          "answer": "ระบอบฟลูดัล",
          "keyword": "feudalism",
          "needs_image": true,
          "image": "https://upload.wikimedia.org/wikipedia/commons/thumb/0/07/BNF_Fr_4274_8v_knight_detail.jpg/250px-BNF_Fr_4274_8v_knight_detail.jpg",
          "taxonomy": "Remembering",
          "point": 0,
          "repetitions": 0,
          "interval": 0,
          "ef": 2.5,
          "due": "2025-05-09"
      },
      {
          "id": "f55edad2-2e16-47ed-969d-116fe1ee053d",
          "question": "ระบอบฟลูดัลมีลักษณะสำคัญอย่างไร",
          "answer": "ใช้ที่ดินเป็นสื่อกลางในการกำหนดความสัมพันธ์ระหว่างบุคคลในสังคม",
          "keyword": "",
          "needs_image": false,
          "image": null,
          "taxonomy": "Understanding",
          "point": 0,
          "repetitions": 0,
          "interval": 0,
          "ef": 2.5,
          "due": "2025-05-09"
      },
      {
          "id": "90c0ed94-59de-43fd-9366-9a0eaa99908f",
          "question": "ใครคือผู้ที่มีอำนาจสูงสุดในระบอบฟลูดัล",
          "answer": "ลอร์ด",
          "keyword": "",
          "needs_image": false,
          "image": null,
          "taxonomy": "Remembering",
          "point": 0,
          "repetitions": 0,
          "interval": 0,
          "ef": 2.5,
          "due": "2025-05-09"
      },
      {
          "id": "4c3b6ba5-b5e0-4fd1-a008-01ce5232a8c1",
          "question": "สาเหตุหลักที่คนเข้าร่วมสงครามครูเสดคืออะไร",
          "answer": "ต้องการเสี่ยงโชคเพื่อแสวงหาความมั่งคั่งและขยายขอบข่ายทางการค้าในโลกตะวันออก",
          "keyword": "",
          "needs_image": false,
          "image": null,
          "taxonomy": "Understanding",
          "point": 0,
          "repetitions": 0,
          "interval": 0,
          "ef": 2.5,
          "due": "2025-05-09"
      },
      {
          "id": "72b5da53-c73d-48e7-b90f-90a093c6445c",
          "question": "ผลของสงครามครูเสดคืออะไร",
          "answer": "ทำให้ระบอบฟลูดัลเสื่อมลง ยุติความสัมพันธ์กับโลกมุสลิม และนำไปสู่การฟื้นฟูศิลปวิทยาการ",
          "keyword": "",
          "needs_image": false,
          "image": null,
          "taxonomy": "Understanding",
          "point": 0,
          "repetitions": 0,
          "interval": 0,
          "ef": 2.5,
          "due": "2025-05-09"
      },
      {
          "id": "2e751ab8-c7fa-4556-894e-15f685d092cb",
          "question": "การฟื้นฟูศิลปวิทยาการมีแนวคิดสำคัญอย่างไร",
          "answer": "มนุษยนิยม (Humanism) เชื่อว่าการเป็นมนุษย์นั้นสูงส่ง",
          "keyword": "",
          "needs_image": false,
          "image": null,
          "taxonomy": "Understanding",
          "point": 0,
          "repetitions": 0,
          "interval": 0,
          "ef": 2.5,
          "due": "2025-05-09"
      },
      {
          "id": "9bd34c44-8c5c-454f-a013-26be7468a020",
          "question": "ชาติยุโรปยุคแรกที่เดินเรือสำรวจทางทะเลคือชาติใด",
          "answer": "สเปนและโปรตุเกส",
          "keyword": "exploration map",
          "needs_image": true,
          "image": "http://dshot.weebly.com/uploads/4/9/8/3/4983501/585288.jpg?345",
          "taxonomy": "Remembering",
          "point": 0,
          "repetitions": 0,
          "interval": 0,
          "ef": 2.5,
          "due": "2025-05-09"
      },
      {
          "id": "4a1bc2bd-19b3-46bb-819a-19d0aba4d3b2",
          "question": "สนธิสัญญาทอร์เดซิยัสมีเนื้อหาสำคัญอย่างไร",
          "answer": "แบ่งเขตสำรวจระหว่างสเปนและโปรตุเกส",
          "keyword": "",
          "needs_image": false,
          "image": null,
          "taxonomy": "Understanding",
          "point": 0,
          "repetitions": 0,
          "interval": 0,
          "ef": 2.5,
          "due": "2025-05-09"
      },
      {
          "id": "fba15ccb-8e11-429a-97f9-cb2a66f87ae5",
          "question": "นักเดินเรือคนสำคัญในประวัติศาสตร์ ได้แก่ ใครบ้าง",
          "answer": "คริสโตเฟอร์ โคลัมบัส เฟอร์ดินานด์ แมกเจลแลน วาสโก ดา กามา",
          "keyword": "explorers",
          "needs_image": true,
          "image": "https://cf.geekdo-images.com/HZQAedsq10yAgotyNth4og__itemrep/img/T_HQAsxHan9QjQXHp931iSepQ7U=/fit-in/246x300/filters:strip_icc()/pic6670587.jpg",
          "taxonomy": "Remembering",
          "point": 0,
          "repetitions": 0,
          "interval": 0,
          "ef": 2.5,
          "due": "2025-05-09"
      },
      {
          "id": "a1046533-8fe0-4dd7-b781-2ce887740619",
          "question": "สาเหตุที่ทำให้เกิดการปฏิรูปศาสนาคืออะไร",
          "answer": "ประชาชนไม่พอใจพระสันตะปาปาและบาทหลวงที่หรูหรา ฟุ่มเฟือย และมีการซื้อ-ขายตำแหน่ง",
          "keyword": "",
          "needs_image": false,
          "image": null,
          "taxonomy": "Understanding",
          "point": 0,
          "repetitions": 0,
          "interval": 0,
          "ef": 2.5,
          "due": "2025-05-09"
      },
      {
          "id": "3247cd33-b60b-4023-ab02-2fc426b4a948",
          "question": "ผลของการปฏิรูปศาสนาคืออะไร",
          "answer": "เกิดศาสนาคริสต์นิกายโปรเตสแตนท์ และเกิดกระแสชาตินิยม",
          "keyword": "",
          "needs_image": false,
          "image": null,
          "taxonomy": "Understanding",
          "point": 0,
          "repetitions": 0,
          "interval": 0,
          "ef": 2.5,
          "due": "2025-05-09"
      },
      {
          "id": "792a6136-7ed4-4632-951d-5e231aad362a",
          "question": "การปฏิวัติทางวิทยาศาสตร์มีลักษณะสำคัญอย่างไร",
          "answer": "มนุษย์ใช้ปัญญาและเหตุผลในการแสวงหาความรู้",
          "keyword": "",
          "needs_image": false,
          "image": null,
          "taxonomy": "Understanding",
          "point": 0,
          "repetitions": 0,
          "interval": 0,
          "ef": 2.5,
          "due": "2025-05-09"
      },
      {
          "id": "9fb1527a-40fd-457c-a6cc-d9899a26c243",
          "question": "นักวิทยาศาสตร์คนสำคัญในยุคปฏิวัติทางวิทยาศาสตร์ ได้แก่ ใครบ้าง",
          "answer": "นิโคลัส โคเปอร์นิคัส กาลิเลโอ กาลิเลอี เซอร์ ไอแซก นิวตัน",
          "keyword": "scientists",
          "needs_image": false,
          "image": "https://upload.wikimedia.org/wikipedia/en/d/d6/Thescientists.jpg",
          "taxonomy": "Remembering",
          "point": 0,
          "repetitions": 0,
          "interval": 0,
          "ef": 2.5,
          "due": "2025-05-09"
      },
      {
          "id": "5eb046ff-70af-4dc4-9095-369c2e0cb748",
          "question": "การปฏิวัติอุตสาหกรรมมีลักษณะสำคัญอย่างไร",
          "answer": "การเปลี่ยนแปลงกระบวนการผลิตจากแรงงานคน/สัตว์มาใช้เครื่องจักร",
          "keyword": "industrial revolution",
          "needs_image": true,
          "image": "https://p4r4f7y4.delivery.rocketcdn.me/wp-content/uploads/2018/01/959103220-300x300.jpg",
          "taxonomy": "Understanding",
          "point": 0,
          "repetitions": 0,
          "interval": 0,
          "ef": 2.5,
          "due": "2025-05-09"
      },
      {
          "id": "1921b006-5d31-4627-b50e-2fbd80f0384b",
          "question": "ผลของการปฏิวัติอุตสาหกรรมคืออะไร",
          "answer": "เกิดปัญหาสิ่งแวดล้อม ความเหลื่อมล้ำในสังคม และลัทธิจักรวรรดินิยม",
          "keyword": "",
          "needs_image": false,
          "image": null,
          "taxonomy": "Understanding",
          "point": 0,
          "repetitions": 0,
          "interval": 0,
          "ef": 2.5,
          "due": "2025-05-09"
      },
      {
          "id": "20dd994d-31f4-48a6-925e-807a8bb9604c",
          "question": "นักปรัชญาในยุคภูมิธรรมมีแนวคิดสำคัญอย่างไร",
          "answer": "เน้นเสรีภาพและความเสมอภาค",
          "keyword": "",
          "needs_image": false,
          "image": null,
          "taxonomy": "Understanding",
          "point": 0,
          "repetitions": 0,
          "interval": 0,
          "ef": 2.5,
          "due": "2025-05-09"
      },
      {
          "id": "7fa8d655-8b70-464a-8285-2a803a4897c4",
          "question": "สงครามโลกครั้งที่ 1 มีสาเหตุสำคัญอย่างไร",
          "answer": "ความขัดแย้งของชาติมหาอำนาจในยุโรป",
          "keyword": "",
          "needs_image": false,
          "image": null,
          "taxonomy": "Understanding",
          "point": 0,
          "repetitions": 0,
          "interval": 0,
          "ef": 2.5,
          "due": "2025-05-09"
      },
      {
          "id": "a0772df5-8ece-4242-aae2-1c9e1ad42219",
          "question": "ผลของสงครามโลกครั้งที่ 1 คืออะไร",
          "answer": "มีการลงนามในสนธิสัญญาแวร์ซายส์ และเกิดสงครามโลกครั้งที่ 2",
          "keyword": "",
          "needs_image": false,
          "image": null,
          "taxonomy": "Understanding",
          "point": 0,
          "repetitions": 0,
          "interval": 0,
          "ef": 2.5,
          "due": "2025-05-09"
      },
      {
          "id": "e7ffef9a-4fcf-4480-abec-8591ee0dd877",
          "question": "สงครามเย็นมีลักษณะสำคัญอย่างไร",
          "answer": "การแข่งขันระหว่างสหรัฐอเมริกาและสหภาพโซเวียต",
          "keyword": "cold war",
          "needs_image": true,
          "image": "https://m.media-amazon.com/images/M/MV5BZWViOGQ3ZTktNDk0Mi00YzNmLTkwMzYtZjdmZjg5MmJhNTczXkEyXkFqcGc@._V1_QL75_UX190_CR0,2,190,281_.jpg",
          "taxonomy": "Understanding",
          "point": 0,
          "repetitions": 0,
          "interval": 0,
          "ef": 2.5,
          "due": "2025-05-09"
      },
      {
          "id": "a37b33db-e530-4cc2-acbc-a9235a76d796",
          "question": "ผลของสงครามเย็นคืออะไร",
          "answer": "สหภาพโซเวียตล่มสลาย และเกิดการรวมกลุ่มประเทศต่างๆ",
          "keyword": "",
          "needs_image": false,
          "image": null,
          "taxonomy": "Understanding",
          "point": 0,
          "repetitions": 0,
          "interval": 0,
          "ef": 2.5,
          "due": "2025-05-09"
      }
  ],
  "summaryHtml": "<h1 class=\"main-title\">สรุปเนื้อหาสอบปลายภาค: ประวัติศาสตร์ยุโรปสมัยกลางถึงสงครามเย็น</h1>\n\n<h2 class=\"section-heading\">ยุคกลาง</h2>\n<p>ยุคกลางเป็นยุคที่มีการปกครองในระบอบ <strong>ฟลูดัล</strong> โดยมีกษัตริย์เป็นผู้มีอำนาจสูงสุด แต่ในทางปฏิบัติ กษัตริย์ไม่มีพระราชอำนาจอย่างแท้จริง เนื่องจากอำนาจที่แท้จริงอยู่ในมือของขุนนาง</p>\n<ul class=\"key-points\">\n  <li class=\"list-item\">ระบอบฟลูดัลใช้ \"ที่ดิน\" เป็นสื่อกลางในการกำหนดความสัมพันธ์ระหว่างบุคคลในสังคม</li>\n  <li class=\"list-item\">เจ้านายเจ้าของที่ดิน (ลอร์ด) และผู้ใช้ประโยชน์ในที่ดิน (วัสซัล) มีความสัมพันธ์แบบสวามิภักดิ์</li>\n</ul>\n\n<h2 class=\"section-heading\">สงครามครูเสด</h2>\n<p>สงครามครูเสดเป็นสงครามที่ชาวคริสต์พยายามยึดดินแดนศักดิ์สิทธิ์ (กรุงเยรูซาเล็ม) คืนมาจากชาวมุสลิม</p>\n<ul class=\"key-points\">\n  <li class=\"list-item\">ผลของสงครามครูเสดทำให้ระบอบฟลูดัลเสื่อมลง</li>\n  <li class=\"list-item\">ยุติความสัมพันธ์กับโลกมุสลิม และเริ่มมีการเดินเรือสำรวจทางทะเล</li>\n  <li class=\"list-item\">ชาวยุโรปได้นำเอาความรู้ของอารยธรรมกรีก-โรมันกลับมาเผยแพร่ในยุโรปอีกครั้ง</li>\n</ul>\n\n<h2 class=\"section-heading\">การฟื้นฟูศิลปวิทยาการ</h2>\n<p>การฟื้นฟูศิลปวิทยาการเป็นยุคที่มนุษย์ใช้ปัญญาและเหตุผลในการแสวงหาความรู้ต่างๆ</p>\n<ul class=\"key-points\">\n  <li class=\"list-item\">แนวคิดสำคัญคือ \"มนุษยนิยม\" (Humanism)</li>\n  <li class=\"list-item\">มีการศึกษาและลอกเลียนแบบความเจริญในแขนงต่างๆ ของอารยธรรมกรีก-โรมัน</li>\n</ul>\n\n<h2 class=\"section-heading\">การปฏิวัติทางวิทยาศาสตร์</h2>\n<p>การปฏิวัติทางวิทยาศาสตร์เป็นยุคที่มนุษย์ใช้ปัญญาและเหตุผลในการแสวงหาความรู้ต่างๆ</p>\n<ul class=\"key-points\">\n  <li class=\"list-item\">นิโคลัส โคเปอร์นิคัส ค้นพบว่า \"ดวงอาทิตย์เป็นศูนย์กลางของระบบสุริยะ\"</li>\n  <li class=\"list-item\">กาลิเลโอ กาลิเลอี ประดิษฐ์ \"กล้องโทรทรรศน์\"</li>\n  <li class=\"list-item\">เซิร์ล ไอแซก นิวตัน ค้นพบ \"กฎแรงดึงดูด\" และ \"กฎแห่งแรงโน้มถ่วง\"</li>\n</ul>\n\n<h2 class=\"section-heading\">สงครามเย็น</h2>\n<p>สงครามเย็นเป็นการแข่งขันกันของชาติมหาอำนาจ 2 ชาติ คือ สหรัฐอเมริกาและสหภาพโซเวียต</p>\n<ul class=\"key-points\">\n  <li class=\"list-item\">สหรัฐอเมริกาเป็นผู้นำค่ายเสรีประชาธิปไตย</li>\n  <li class=\"list-item\">สหภาพโซเวียตเป็นผู้นำค่ายสังคมนิยมคอมมิวนิสต์</li>\n  <li class=\"list-item\">สงครามเย็นสิ้นสุดลงเมื่อสหภาพโซเวียตล่มสลายในปี ค.ศ. 1991</li>\n</ul>\n\n<p class=\"emphasis-note\"><em>การรวมกลุ่มประเทศต่างๆ เช่น อาเซียน สหภาพยุโรป เอเปค องคการการค้าโลก เป็นต้น เป็นผลมาจากสงครามเย็น</em></p>"
},
{
  "id": "03182e7f-2e61-4c6b-afb8-b519b4199648",
  "name": "📚 คุณธรรมและมารยาท",
  "description": "แฟลชการ์ดสำหรับเรียนรู้เกี่ยวกับคุณธรรมและมารยาทในการสื่อสาร",
  "studied": false,
  "total": 11,
  "learned": 0,
  "due": 11,
  "cards": [
      {
          "id": "304a8fcb-0bdb-4500-8c33-55d48233ebab",
          "question": "ข้อควรคำนึงในการสื่อสารในโรงเรียนมีอะไรบ้าง",
          "answer": "ครูควรเตรียมการสอนให้พร้อม นักเรียนต้องมีความมานะ อดทน ตั้งใจฟังคำสอนของครู มีคุณธรรม เคารพและกตัญญต่อครู",
          "keyword": "",
          "needs_image": false,
          "image": null,
          "taxonomy": "Understanding",
          "point": 0,
          "repetitions": 0,
          "interval": 0,
          "ef": 2.5,
          "due": "2025-05-09"
      },
      {
          "id": "a38af72c-34e4-417c-8e71-a6d026b32e09",
          "question": "การสื่อสารในสังคมภายนอกควรคำนึงถึงอะไร",
          "answer": "ควรใช้วาจาสุภาพ เหมาะสม แสดงความรู้สึกเสียใจหรือยินดีกับผู้อื่นในโอกาสต่าง ๆ อย่างเหมาะสม",
          "keyword": "",
          "needs_image": false,
          "image": null,
          "taxonomy": "Understanding",
          "point": 0,
          "repetitions": 0,
          "interval": 0,
          "ef": 2.5,
          "due": "2025-05-09"
      },
      {
          "id": "2a094708-96aa-456b-9a82-300f334ee3d5",
          "question": "ภาษิตคืออะไร",
          "answer": "ถ้อยคำหรือข้อความที่กล่าวสืบต่อกันมาช้านาน โดยมีลักษณะเป็นคำสั่งสอนเตือนสติ และแนะนำให้กระทำหรือมิให้กระทำ",
          "keyword": "ภาษิต",
          "needs_image": false,
          "image": "https://mpics.mgronline.com/pics/Images/552000005207001.JPEG",
          "taxonomy": "Remembering",
          "point": 0,
          "repetitions": 0,
          "interval": 0,
          "ef": 2.5,
          "due": "2025-05-09"
      },
      {
          "id": "99d54974-f0f8-4651-a279-d7601e7e000d",
          "question": "นิทานสามารถใช้ปลูกฝังคุณธรรมได้อย่างไร",
          "answer": "นิทานสอดแทรกข้อคิด คติสอนใจ ปลูกฝังคุณธรรม เช่น ความกตัญญู ความซื่อสัตย์",
          "keyword": "นิทาน",
          "needs_image": false,
          "image": "https://i.scdn.co/image/ab67616d00001e0269bb20a456600b3cc591675d",
          "taxonomy": "Understanding",
          "point": 0,
          "repetitions": 0,
          "interval": 0,
          "ef": 2.5,
          "due": "2025-05-09"
      },
      {
          "id": "48795825-282f-47ba-bdfe-a7583b1f2052",
          "question": "ตํานานมีความสำคัญอย่างไรในการปลูกฝังคุณธรรม",
          "answer": "ตํานานสะท้อนให้เห็นวิถีชีวิต ประเพณี ความคิด ความเชื่อของคนในอดีต และแสดงให้เห็นคุณธรรมของบุคคลสำคัญ",
          "keyword": "ตํานาน",
          "needs_image": true,
          "image": "https://images-na.ssl-images-amazon.com/images/S/compressed.photo.goodreads.com/books/1659781588i/55675971.jpg",
          "taxonomy": "Understanding",
          "point": 0,
          "repetitions": 0,
          "interval": 0,
          "ef": 2.5,
          "due": "2025-05-09"
      },
      {
          "id": "5997e978-a825-4135-a50e-6ccb9a3b58a0",
          "question": "วรรณคดีสามารถใช้ปลูกฝังคุณธรรมได้อย่างไร",
          "answer": "วรรณคดีสะท้อนให้เห็นแง่มุมต่าง ๆ ของชีวิต และวัฒนธรรม สอดแทรกข้อคิด คติสอนใจ ปลูกฝังคุณธรรมแก่ผู้อ่าน",
          "keyword": "วรรณคดี",
          "needs_image": true,
          "image": "https://images-na.ssl-images-amazon.com/images/S/compressed.photo.goodreads.com/books/1376468695i/18330499.jpg",
          "taxonomy": "Understanding",
          "point": 0,
          "repetitions": 0,
          "interval": 0,
          "ef": 2.5,
          "due": "2025-05-09"
      },
      {
          "id": "b623a527-5e4b-45f0-a7f1-67f9f640d5a2",
          "question": "คุณธรรมหมายถึงอะไร",
          "answer": "คุณงามความดีในจิตใจที่ทำให้บุคคลประพฤติดี ก่อประโยชน์ต่อตนเอง ผู้อื่น และสังคม",
          "keyword": "คุณธรรม",
          "needs_image": false,
          "image": "https://i.scdn.co/image/ab67616d00001e02714e64688569c93f9c27a01d",
          "taxonomy": "Remembering",
          "point": 0,
          "repetitions": 0,
          "interval": 1,
          "ef": 2.5,
          "due": "2025-05-10"
      },
      {
          "id": "0ef24e08-1894-453c-b459-c42cab621c45",
          "question": "คุณธรรมที่ควรปลูกฝังในการสื่อสารมีอะไรบ้าง",
          "answer": "มีสัจจะต่อกัน มีความรัก ความเคารพ และความปรารถนาดีต่อกัน มีความรับผิดชอบในสิ่งที่ตนเองพูดหรือเขียน",
          "keyword": "",
          "needs_image": false,
          "image": null,
          "taxonomy": "Understanding",
          "point": 0,
          "repetitions": 0,
          "interval": 1,
          "ef": 2.5,
          "due": "2025-05-10"
      },
      {
          "id": "54b9d9fb-7d39-46a7-93de-47249422db22",
          "question": "มารยาทหมายถึงอะไร",
          "answer": "กิริยาวาจาที่ถือว่าสุภาพเรียบร้อย ถูกกาลเทศะ",
          "keyword": "มารยาท",
          "needs_image": false,
          "image": "https://i.pinimg.com/1200x/c5/26/2a/c5262a8e91809ed25a968da4de789e5f.jpg",
          "taxonomy": "Remembering",
          "point": 0,
          "repetitions": 0,
          "interval": 1,
          "ef": 2.5,
          "due": "2025-05-10"
      },
      {
          "id": "e9b7c8e2-3980-439c-bb40-ee4cb0354fc0",
          "question": "การสื่อสารในครอบครัวควรมีคุณธรรมและมารยาทอย่างไร",
          "answer": "มีความประพฤติดีต่อกัน ใช้ถ้อยคำสื่อสารให้เกิดความเข้าใจ ปราศจากข้อขัดแย้ง มีมารยาทในการสื่อสารที่ถูกต้องเหมาะสมกับกาลเทศะ",
          "keyword": "",
          "needs_image": false,
          "image": null,
          "taxonomy": "Understanding",
          "point": 0,
          "repetitions": 0,
          "interval": 1,
          "ef": 2.5,
          "due": "2025-05-10"
      },
      {
          "id": "2d4f1bd4-4990-469b-8d8f-ceb856f6df4c",
          "question": "การสื่อสารในโรงเรียนมีประเภทใดบ้าง",
          "answer": "การสื่อสารกับตนเอง การสื่อสารระหว่างบุคคล การสื่อสารสาธารณะ การสื่อสารมวลชน",
          "keyword": "",
          "needs_image": false,
          "image": null,
          "taxonomy": "Remembering",
          "point": 0,
          "repetitions": 0,
          "interval": 1,
          "ef": 2.5,
          "due": "2025-05-10"
      }
  ],
  "summaryHtml": "<h1 class=\"main-title\">คุณธรรมและมารยาทในการสื่อสาร</h1>\n<p>คุณธรรมและมารยาทเป็นสิ่งสำคัญในการสื่อสารที่ช่วยให้บุคคลสามารถอยู่ร่วมกันในสังคมได้อย่างมีความสุขและสงบสุข</p>\n\n<h2 class=\"section-heading\">ความหมายของคุณธรรมและมารยาท</h2>\n<p><strong class=\"important-term\">คุณธรรม</strong> หมายถึง คุณงามความดีในจิตใจที่ทำให้บุคคลประพฤติดี ก่อประโยชน์ต่อตนเอง ผู้อื่น และสังคม</p>\n<p><strong class=\"important-term\">มารยาท</strong> หมายถึง กิริยาวาจาที่ถือว่าสุภาพเรียบร้อย ถูกกาลเทศะ</p>\n\n<h2 class=\"section-heading\">คุณธรรมในการสื่อสาร</h2>\n<ul class=\"key-points\">\n  <li class=\"list-item\">มีสัจจะต่อกัน มีความจริงใจ ไม่ละเมิดสิทธิซึ่งกันและกัน</li>\n  <li class=\"list-item\">มีความรัก ความเคารพ และความปรารถนาดีต่อกัน</li>\n  <li class=\"list-item\">มีความรับผิดชอบในสิ่งที่ตนเองพูดหรือเขียน</li>\n</ul>\n\n<h2 class=\"section-heading\">มารยาทในการสื่อสาร</h2>\n<p>มารยาทในการสื่อสารเป็นการแสดงออกทั้งทางวัจนภาษาและอวัจนภาษา ซึ่งจะแสดงออกแตกต่างกันตามการอบรม วัฒนธรรมท้องถิ่น หรือบริบททางสังคม</p>\n\n<h2 class=\"section-heading\">การสื่อสารในบริบทต่าง ๆ</h2>\n<ul class=\"key-points\">\n  <li class=\"list-item\"><strong class=\"important-term\">การสื่อสารกับตนเอง</strong>: เป็นการโต้ตอบกับตนเองด้วยการคิดในใจหรือพูดคนเดียวกับตนเอง</li>\n  <li class=\"list-item\"><strong class=\"important-term\">การสื่อสารระหว่างบุคคล</strong>: เป็นการสื่อสารที่เกิดจากบุคคลตั้งแต่ 2 คนขึ้นไป</li>\n  <li class=\"list-item\"><strong class=\"important-term\">การสื่อสารสาธารณะ</strong>: เป็นการสื่อสารของคนกลุ่มใหญ่ที่สามารถเปิดเผยได้</li>\n  <li class=\"list-item\"><strong class=\"important-term\">การสื่อสารมวลชน</strong>: เป็นการสื่อสารเช่นเดียวกับการสื่อสารสาธารณะ แต่ใช้สื่อต่าง ๆ เป็นอุปกรณ์</li>\n</ul>\n\n<h2 class=\"section-heading\">ข้อควรคำนึงในการสื่อสารในครอบครัว โรงเรียน และสังคมภายนอก</h2>\n<p>การสื่อสารในครอบครัว โรงเรียน และสังคมภายนอก ควรคำนึงถึงคุณธรรมและมารยาทในการสื่อสาร เช่น การใช้ถ้อยคำสุภาพ การเคารพผู้อาวุโส การมีความรับผิดชอบในการสื่อสาร</p>\n<ul class=\"key-points\">\n  <li class=\"list-item\">ในครอบครัว: มีความประพฤติดีต่อกัน มีความกตัญญูต่อกัน</li>\n  <li class=\"list-item\">ในโรงเรียน: ครูควรเตรียมการสอนให้พร้อม นักเรียนควรตั้งใจฟังและจดบันทึก</li>\n  <li class=\"list-item\">ในสังคมภายนอก: ควรใช้วาจาสุภาพและแสดงกิริยามารยาทที่เหมาะสม</li>\n</ul>\n\n<h2 class=\"section-heading\">การปลูกฝังคุณธรรมไทยใช้ภาษา</h2>\n<p>ภาษิต นิทาน ตำนาน และวรรณคดี เป็นเครื่องมือที่ช่วยถ่ายทอดคุณธรรมและค่านิยมให้กับบุคคลในสังคม</p>\n<ul class=\"key-points\">\n  <li class=\"list-item\"><strong class=\"important-term\">ภาษิต</strong>: เป็นถ้อยคำหรือข้อความที่กล่าวสืบต่อกันมาช้านาน</li>\n  <li class=\"list-item\"><strong class=\"important-term\">นิทาน</strong>: เป็นเรื่องราวที่แต่งขึ้นเพื่อให้เกิดความเพลิดเพลินและสอดแทรกข้อคิด</li>\n  <li class=\"list-item\"><strong class=\"important-term\">ตำนาน</strong>: เป็นเรื่องที่เล่าขานมานานและสะท้อนให้เห็นถึงวิถีชีวิตและประเพณี</li>\n  <li class=\"list-item\"><strong class=\"important-term\">วรรณคดี</strong>: เป็นหนังสือที่ทำให้ผู้อ่านเกิดความเพลิดเพลินและยกระดับจิตใจ</li>\n</ul>\n<p class=\"emphasis-note\"><em>การปลูกฝังคุณธรรมและค่านิยมให้กับบุคคลในสังคมเป็นสิ่งสำคัญในการสร้างสังคมที่มีความสุขและสงบสุข</em></p>"
}

 
]



